<?xml version="1.0" encoding="UTF-8"?>
<project xmlns="http://maven.apache.org/POM/4.0.0" xmlns:xsi="http://www.w3.org/2001/XMLSchema-instance" xsi:schemaLocation="http://maven.apache.org/POM/4.0.0 http://maven.apache.org/maven-v4_0_0.xsd">
  <parent>
    <artifactId>tiled-parent</artifactId>
    <groupId>org.mapeditor</groupId>
    <version>1.0-SNAPSHOT</version>
  </parent>
  <modelVersion>4.0.0</modelVersion>
  <groupId>org.mapeditor</groupId>
  <artifactId>tmxviewer</artifactId>
  <name>tmxviewer</name>
  <description>A small example application that views Tiled maps using libtiled-java.</description>
  <url>http://www.mapeditor.org/</url>
  <scm>
    <connection>scm:git:git://github.com/bjorn/tiled.git</connection>
    <developerConnection>scm:git:git@github.com:bjorn/tiled.git</developerConnection>
    <url>https://github.com/bjorn/tiled</url>
  </scm>
  <build>
    <plugins>
      <plugin>
        <artifactId>maven-shade-plugin</artifactId>
        <version>2.4.3</version>
        <executions>
          <execution>
            <phase>package</phase>
            <goals>
              <goal>shade</goal>
            </goals>
            <configuration>
              <minimizeJar>true</minimizeJar>
              <transformers>
                <transformer>
                  <mainClass>TMXViewer</mainClass>
                </transformer>
              </transformers>
            </configuration>
          </execution>
        </executions>
      </plugin>
    </plugins>
  </build>
  <dependencies>
    <dependency>
      <groupId>junit</groupId>
      <artifactId>junit</artifactId>
      <version>4.12</version>
      <scope>test</scope>
      <exclusions>
        <exclusion>
          <artifactId>hamcrest-core</artifactId>
          <groupId>org.hamcrest</groupId>
        </exclusion>
      </exclusions>
    </dependency>
  </dependencies>
</project>

